source,sport,league,collected_at,event_date,event_time,rotation_number,is_live,game_key,away_team,home_team,spread_away_line,spread_away_price,spread_home_line,spread_home_price,total_over_line,total_over_price,total_under_line,total_under_price,moneyline_away_price,moneyline_home_price,quarter,clock
espn,nfl,NFL,2025-11-03T12:29:39.611541+00:00,,,,False,,,,,,,,,,,,,,,
espn,nfl,NFL,2025-11-03T12:29:39.612852+00:00,,,,False,,,,,,,,,,,,,,,
espn,nfl,NFL,2025-11-03T12:29:39.613575+00:00,,,,False,,,,,,,,,,,,,,,
espn,nfl,NFL,2025-11-03T12:29:39.614417+00:00,,,,False,,,,,,,,,,,,,,,
espn,nfl,NFL,2025-11-03T12:29:39.614825+00:00,,,,False,,,,,,,,,,,,,,,
espn,nfl,NFL,2025-11-03T12:29:39.615234+00:00,,,,False,,,,,,,,,,,,,,,
espn,nfl,NFL,2025-11-03T12:29:39.615545+00:00,,,,False,,,,,,,,,,,,,,,
espn,nfl,NFL,2025-11-03T12:29:39.615993+00:00,,,,False,,,,,,,,,,,,,,,
espn,nfl,NFL,2025-11-03T12:29:39.616349+00:00,,,,False,,,,,,,,,,,,,,,
espn,nfl,NFL,2025-11-03T12:29:39.616681+00:00,,,,False,,,,,,,,,,,,,,,
espn,nfl,NFL,2025-11-03T12:29:39.616986+00:00,,,,False,,,,,,,,,,,,,,,
espn,nfl,NFL,2025-11-03T12:29:39.617498+00:00,,,,False,,,,,,,,,,,,,,,
espn,nfl,NFL,2025-11-03T12:29:39.618308+00:00,,,,False,,,,,,,,,,,,,,,
espn,nfl,NFL,2025-11-03T12:29:39.619011+00:00,,,,False,,,,,,,,,,,,,,,
espn,nfl,NFL,2025-11-03T12:29:39.619558+00:00,,,,False,,,,,,,,,,,,,,,
espn,nfl,NFL,2025-11-03T12:29:39.620805+00:00,,,,False,,,,,,,,,,,,,,,
espn,nfl,NFL,2025-11-03T12:29:39.621625+00:00,,,,False,,,,,,,,,,,,,,,
espn,nfl,NFL,2025-11-03T12:29:39.622549+00:00,,,,False,,,,,,,,,,,,,,,
espn,nfl,NFL,2025-11-03T12:29:39.622908+00:00,,,,False,,,,,,,,,,,,,,,
espn,nfl,NFL,2025-11-03T12:29:39.623285+00:00,,,,False,,,,,,,,,,,,,,,
espn,nfl,NFL,2025-11-03T12:29:39.624172+00:00,,,,False,,,,,,,,,,,,,,,
espn,nfl,NFL,2025-11-03T12:29:39.625315+00:00,,,,False,,,,,,,,,,,,,,,
espn,nfl,NFL,2025-11-03T12:29:39.625722+00:00,,,,False,,,,,,,,,,,,,,,
espn,nfl,NFL,2025-11-03T12:29:39.626072+00:00,,,,False,,,,,,,,,,,,,,,
espn,nfl,NFL,2025-11-03T12:29:39.626876+00:00,,,,False,,,,,,,,,,,,,,,
espn,nfl,NFL,2025-11-03T12:29:39.627283+00:00,,,,False,,,,,,,,,,,,,,,
espn,nfl,NFL,2025-11-03T12:29:39.627985+00:00,,,,False,,,,,,,,,,,,,,,
espn,nfl,NFL,2025-11-03T12:29:39.628881+00:00,,,,False,,,,,,,,,,,,,,,
espn,nfl,NFL,2025-11-03T12:29:39.630101+00:00,,,,False,,,,,,,,,,,,,,,
espn,nfl,NFL,2025-11-03T12:29:39.630495+00:00,,,,False,,,,,,,,,,,,,,,
espn,nfl,NFL,2025-11-03T12:29:39.630940+00:00,,,,False,,,,,,,,,,,,,,,
espn,nfl,NFL,2025-11-03T12:29:39.631473+00:00,,,,False,,,,,,,,,,,,,,,
espn,nfl,NFL,2025-11-03T12:29:39.631840+00:00,,,,False,,,,,,,,,,,,,,,
espn,nfl,NFL,2025-11-03T12:29:39.632255+00:00,,,,False,,,,,,,,,,,,,,,
espn,nfl,NFL,2025-11-03T12:29:39.633214+00:00,,,,False,,,,,,,,,,,,,,,
espn,nfl,NFL,2025-11-03T12:29:39.634084+00:00,,,,False,,,,,,,,,,,,,,,
espn,nfl,NFL,2025-11-03T12:29:39.634361+00:00,,,,False,,,,,,,,,,,,,,,
espn,nfl,NFL,2025-11-03T12:29:39.634708+00:00,,,,False,,,,,,,,,,,,,,,
espn,nfl,NFL,2025-11-03T12:29:39.635034+00:00,,,,False,,,,,,,,,,,,,,,
espn,nfl,NFL,2025-11-03T12:29:39.635265+00:00,,,,False,,,,,,,,,,,,,,,
espn,nfl,NFL,2025-11-03T12:29:39.635531+00:00,,,,False,,,,,,,,,,,,,,,
espn,nfl,NFL,2025-11-03T12:29:39.636277+00:00,,,,False,,,,,,,,,,,,,,,
espn,nfl,NFL,2025-11-03T12:29:39.636549+00:00,,,,False,,,,,,,,,,,,,,,
espn,nfl,NFL,2025-11-03T12:29:39.636796+00:00,,,,False,,,,,,,,,,,,,,,
espn,nfl,NFL,2025-11-03T12:29:39.637036+00:00,,,,False,,,,,,,,,,,,,,,
espn,nfl,NFL,2025-11-03T12:29:39.637290+00:00,,,,False,,,,,,,,,,,,,,,
espn,nfl,NFL,2025-11-03T12:29:39.637491+00:00,,,,False,,,,,,,,,,,,,,,
espn,nfl,NFL,2025-11-03T12:29:39.637681+00:00,,,,False,,,,,,,,,,,,,,,
espn,nfl,NFL,2025-11-03T12:29:39.638014+00:00,,,,False,,,,,,,,,,,,,,,
espn,nfl,NFL,2025-11-03T12:29:39.638296+00:00,,,,False,,,,,,,,,,,,,,,
espn,nfl,NFL,2025-11-03T12:29:39.638547+00:00,,,,False,,,,,,,,,,,,,,,
espn,nfl,NFL,2025-11-03T12:29:39.638789+00:00,,,,False,,,,,,,,,,,,,,,
espn,nfl,NFL,2025-11-03T12:29:39.639021+00:00,,,,False,,,,,,,,,,,,,,,
espn,nfl,NFL,2025-11-03T12:29:39.639254+00:00,,,,False,,,,,,,,,,,,,,,
espn,nfl,NFL,2025-11-03T12:29:39.639481+00:00,,,,False,,,,,,,,,,,,,,,
espn,nfl,NFL,2025-11-03T12:29:39.639873+00:00,,,,False,,,,,,,,,,,,,,,
espn,nfl,NFL,2025-11-03T12:29:39.640140+00:00,,,,False,,,,,,,,,,,,,,,
espn,nfl,NFL,2025-11-03T12:29:39.640468+00:00,,,,False,,,,,,,,,,,,,,,
espn,nfl,NFL,2025-11-03T12:29:39.640756+00:00,,,,False,,,,,,,,,,,,,,,
espn,nfl,NFL,2025-11-03T12:29:39.641267+00:00,,,,False,,,,,,,,,,,,,,,
espn,nfl,NFL,2025-11-03T12:29:39.642256+00:00,,,,False,,,,,,,,,,,,,,,
espn,nfl,NFL,2025-11-03T12:29:39.643191+00:00,,,,False,,,,,,,,,,,,,,,
espn,nfl,NFL,2025-11-03T12:29:39.643702+00:00,,,,False,,,,,,,,,,,,,,,
espn,nfl,NFL,2025-11-03T12:29:39.644430+00:00,,,,False,,,,,,,,,,,,,,,
espn,nfl,NFL,2025-11-03T12:29:39.645238+00:00,,,,False,,,,,,,,,,,,,,,
espn,nfl,NFL,2025-11-03T12:29:39.646096+00:00,,,,False,,,,,,,,,,,,,,,
espn,nfl,NFL,2025-11-03T12:29:39.646529+00:00,,,,False,,,,,,,,,,,,,,,
espn,nfl,NFL,2025-11-03T12:29:39.647061+00:00,,,,False,,,,,,,,,,,,,,,
espn,nfl,NFL,2025-11-03T12:29:39.647871+00:00,,,,False,,,,,,,,,,,,,,,
espn,nfl,NFL,2025-11-03T12:29:39.648204+00:00,,,,False,,,,,,,,,,,,,,,
espn,nfl,NFL,2025-11-03T12:29:39.648520+00:00,,,,False,,,,,,,,,,,,,,,
espn,nfl,NFL,2025-11-03T12:29:39.649243+00:00,,,,False,,,,,,,,,,,,,,,
espn,nfl,NFL,2025-11-03T12:29:39.650442+00:00,,,,False,,,,,,,,,,,,,,,
espn,nfl,NFL,2025-11-03T12:29:39.650680+00:00,,,,False,,,,,,,,,,,,,,,
espn,nfl,NFL,2025-11-03T12:29:39.650928+00:00,,,,False,,,,,,,,,,,,,,,
espn,nfl,NFL,2025-11-03T12:29:39.651169+00:00,,,,False,,,,,,,,,,,,,,,
espn,nfl,NFL,2025-11-03T12:29:39.651441+00:00,,,,False,,,,,,,,,,,,,,,
espn,nfl,NFL,2025-11-03T12:29:39.651763+00:00,,,,False,,,,,,,,,,,,,,,
espn,nfl,NFL,2025-11-03T12:29:39.651989+00:00,,,,False,,,,,,,,,,,,,,,
espn,nfl,NFL,2025-11-03T12:29:39.652192+00:00,,,,False,,,,,,,,,,,,,,,
espn,nfl,NFL,2025-11-03T12:29:39.652386+00:00,,,,False,,,,,,,,,,,,,,,
espn,nfl,NFL,2025-11-03T12:29:39.652646+00:00,,,,False,,,,,,,,,,,,,,,
espn,nfl,NFL,2025-11-03T12:29:39.652865+00:00,,,,False,,,,,,,,,,,,,,,
espn,nfl,NFL,2025-11-03T12:29:39.653063+00:00,,,,False,,,,,,,,,,,,,,,
espn,nfl,NFL,2025-11-03T12:29:39.653256+00:00,,,,False,,,,,,,,,,,,,,,
espn,nfl,NFL,2025-11-03T12:29:39.653512+00:00,,,,False,,,,,,,,,,,,,,,
espn,nfl,NFL,2025-11-03T12:29:39.653718+00:00,,,,False,,,,,,,,,,,,,,,
espn,nfl,NFL,2025-11-03T12:29:39.653911+00:00,,,,False,,,,,,,,,,,,,,,
espn,nfl,NFL,2025-11-03T12:29:39.654097+00:00,,,,False,,,,,,,,,,,,,,,
espn,nfl,NFL,2025-11-03T12:29:39.654319+00:00,,,,False,,,,,,,,,,,,,,,
espn,nfl,NFL,2025-11-03T12:29:39.654528+00:00,,,,False,,,,,,,,,,,,,,,
espn,nfl,NFL,2025-11-03T12:29:39.654718+00:00,,,,False,,,,,,,,,,,,,,,
espn,nfl,NFL,2025-11-03T12:29:39.654903+00:00,,,,False,,,,,,,,,,,,,,,
espn,nfl,NFL,2025-11-03T12:29:39.655087+00:00,,,,False,,,,,,,,,,,,,,,
espn,nfl,NFL,2025-11-03T12:29:39.655270+00:00,,,,False,,,,,,,,,,,,,,,
espn,nfl,NFL,2025-11-03T12:29:39.655519+00:00,,,,False,,,,,,,,,,,,,,,
espn,nfl,NFL,2025-11-03T12:29:39.655795+00:00,,,,False,,,,,,,,,,,,,,,
espn,nfl,NFL,2025-11-03T12:29:39.656004+00:00,,,,False,,,,,,,,,,,,,,,
espn,nfl,NFL,2025-11-03T12:29:39.656195+00:00,,,,False,,,,,,,,,,,,,,,
espn,nfl,NFL,2025-11-03T12:29:39.656485+00:00,,,,False,,,,,,,,,,,,,,,
espn,nfl,NFL,2025-11-03T12:29:39.656721+00:00,,,,False,,,,,,,,,,,,,,,
espn,nfl,NFL,2025-11-03T12:29:39.657098+00:00,,,,False,,,,,,,,,,,,,,,
espn,nfl,NFL,2025-11-03T12:29:39.657766+00:00,,,,False,,,,,,,,,,,,,,,
espn,nfl,NFL,2025-11-03T12:29:39.658015+00:00,,,,False,,,,,,,,,,,,,,,
espn,nfl,NFL,2025-11-03T12:29:39.658412+00:00,,,,False,,,,,,,,,,,,,,,
espn,nfl,NFL,2025-11-03T12:29:39.658735+00:00,,,,False,,,,,,,,,,,,,,,
espn,nfl,NFL,2025-11-03T12:29:39.658959+00:00,,,,False,,,,,,,,,,,,,,,
espn,nfl,NFL,2025-11-03T12:29:39.659382+00:00,,,,False,,,,,,,,,,,,,,,
espn,nfl,NFL,2025-11-03T12:29:39.660505+00:00,,,,False,,,,,,,,,,,,,,,
espn,nfl,NFL,2025-11-03T12:29:39.660757+00:00,,,,False,,,,,,,,,,,,,,,
espn,nfl,NFL,2025-11-03T12:29:39.661124+00:00,,,,False,,,,,,,,,,,,,,,
espn,nfl,NFL,2025-11-03T12:29:39.661415+00:00,,,,False,,,,,,,,,,,,,,,
espn,nfl,NFL,2025-11-03T12:29:39.661715+00:00,,,,False,,,,,,,,,,,,,,,
espn,nfl,NFL,2025-11-03T12:29:39.662071+00:00,,,,False,,,,,,,,,,,,,,,
espn,nfl,NFL,2025-11-03T12:29:39.662902+00:00,,,,False,,,,,,,,,,,,,,,
espn,nfl,NFL,2025-11-03T12:29:39.663285+00:00,,,,False,,,,,,,,,,,,,,,
espn,nfl,NFL,2025-11-03T12:29:39.663552+00:00,,,,False,,,,,,,,,,,,,,,
espn,nfl,NFL,2025-11-03T12:29:39.664037+00:00,,,,False,,,,,,,,,,,,,,,
espn,nfl,NFL,2025-11-03T12:29:39.665266+00:00,,,,False,,,,,,,,,,,,,,,
espn,nfl,NFL,2025-11-03T12:29:39.665687+00:00,,,,False,,,,,,,,,,,,,,,
espn,nfl,NFL,2025-11-03T12:29:39.666405+00:00,,,,False,,,,,,,,,,,,,,,
espn,nfl,NFL,2025-11-03T12:29:39.666735+00:00,,,,False,,,,,,,,,,,,,,,
espn,nfl,NFL,2025-11-03T12:29:39.667034+00:00,,,,False,,,,,,,,,,,,,,,
espn,nfl,NFL,2025-11-03T12:29:39.667365+00:00,,,,False,,,,,,,,,,,,,,,
espn,nfl,NFL,2025-11-03T12:29:39.667596+00:00,,,,False,,,,,,,,,,,,,,,
espn,nfl,NFL,2025-11-03T12:29:39.667875+00:00,,,,False,,,,,,,,,,,,,,,
espn,nfl,NFL,2025-11-03T12:29:39.668093+00:00,,,,False,,,,,,,,,,,,,,,
espn,nfl,NFL,2025-11-03T12:29:39.668293+00:00,,,,False,,,,,,,,,,,,,,,
espn,nfl,NFL,2025-11-03T12:29:39.668571+00:00,,,,False,,,,,,,,,,,,,,,
espn,nfl,NFL,2025-11-03T12:29:39.668939+00:00,,,,False,,,,,,,,,,,,,,,
espn,nfl,NFL,2025-11-03T12:29:39.669204+00:00,,,,False,,,,,,,,,,,,,,,
espn,nfl,NFL,2025-11-03T12:29:39.669537+00:00,,,,False,,,,,,,,,,,,,,,
espn,nfl,NFL,2025-11-03T12:29:39.669811+00:00,,,,False,,,,,,,,,,,,,,,
espn,nfl,NFL,2025-11-03T12:29:39.670058+00:00,,,,False,,,,,,,,,,,,,,,
espn,nfl,NFL,2025-11-03T12:29:39.670295+00:00,,,,False,,,,,,,,,,,,,,,
espn,nfl,NFL,2025-11-03T12:29:39.670598+00:00,,,,False,,,,,,,,,,,,,,,
espn,nfl,NFL,2025-11-03T12:29:39.670838+00:00,,,,False,,,,,,,,,,,,,,,
espn,nfl,NFL,2025-11-03T12:29:39.671064+00:00,,,,False,,,,,,,,,,,,,,,
espn,nfl,NFL,2025-11-03T12:29:39.671278+00:00,,,,False,,,,,,,,,,,,,,,
espn,nfl,NFL,2025-11-03T12:29:39.671901+00:00,,,,False,,,,,,,,,,,,,,,
espn,nfl,NFL,2025-11-03T12:29:39.672724+00:00,,,,False,,,,,,,,,,,,,,,
espn,nfl,NFL,2025-11-03T12:29:39.673198+00:00,,,,False,,,,,,,,,,,,,,,
espn,nfl,NFL,2025-11-03T12:29:39.673886+00:00,,,,False,,,,,,,,,,,,,,,
espn,nfl,NFL,2025-11-03T12:29:39.674318+00:00,,,,False,,,,,,,,,,,,,,,
espn,nfl,NFL,2025-11-03T12:29:39.675180+00:00,,,,False,,,,,,,,,,,,,,,
espn,nfl,NFL,2025-11-03T12:29:39.676046+00:00,,,,False,,,,,,,,,,,,,,,
espn,nfl,NFL,2025-11-03T12:29:39.676765+00:00,,,,False,,,,,,,,,,,,,,,
espn,nfl,NFL,2025-11-03T12:29:39.678018+00:00,,,,False,,,,,,,,,,,,,,,
espn,nfl,NFL,2025-11-03T12:29:39.678333+00:00,,,,False,,,,,,,,,,,,,,,
espn,nfl,NFL,2025-11-03T12:29:39.678743+00:00,,,,False,,,,,,,,,,,,,,,
espn,nfl,NFL,2025-11-03T12:29:39.679542+00:00,,,,False,,,,,,,,,,,,,,,
espn,nfl,NFL,2025-11-03T12:29:39.679960+00:00,,,,False,,,,,,,,,,,,,,,
espn,nfl,NFL,2025-11-03T12:29:39.680729+00:00,,,,False,,,,,,,,,,,,,,,
espn,nfl,NFL,2025-11-03T12:29:39.681077+00:00,,,,False,,,,,,,,,,,,,,,
espn,nfl,NFL,2025-11-03T12:29:39.681877+00:00,,,,False,,,,,,,,,,,,,,,
espn,nfl,NFL,2025-11-03T12:29:39.682256+00:00,,,,False,,,,,,,,,,,,,,,
espn,nfl,NFL,2025-11-03T12:29:39.682978+00:00,,,,False,,,,,,,,,,,,,,,
espn,nfl,NFL,2025-11-03T12:29:39.683334+00:00,,,,False,,,,,,,,,,,,,,,
espn,nfl,NFL,2025-11-03T12:29:39.683827+00:00,,,,False,,,,,,,,,,,,,,,
espn,nfl,NFL,2025-11-03T12:29:39.685235+00:00,,,,False,,,,,,,,,,,,,,,
espn,nfl,NFL,2025-11-03T12:29:39.686866+00:00,,,,False,,,,,,,,,,,,,,,
espn,nfl,NFL,2025-11-03T12:29:39.687469+00:00,,,,False,,,,,,,,,,,,,,,
espn,nfl,NFL,2025-11-03T12:29:39.687820+00:00,,,,False,,,,,,,,,,,,,,,
espn,nfl,NFL,2025-11-03T12:29:39.688135+00:00,,,,False,,,,,,,,,,,,,,,
espn,nfl,NFL,2025-11-03T12:29:39.688421+00:00,,,,False,,,,,,,,,,,,,,,
espn,nfl,NFL,2025-11-03T12:29:39.688734+00:00,,,,False,,,,,,,,,,,,,,,
espn,nfl,NFL,2025-11-03T12:29:39.689182+00:00,,,,False,,,,,,,,,,,,,,,
espn,nfl,NFL,2025-11-03T12:29:39.689464+00:00,,,,False,,,,,,,,,,,,,,,
espn,nfl,NFL,2025-11-03T12:29:39.689826+00:00,,,,False,,,,,,,,,,,,,,,
espn,nfl,NFL,2025-11-03T12:29:39.690099+00:00,,,,False,,,,,,,,,,,,,,,
espn,nfl,NFL,2025-11-03T12:29:39.690348+00:00,,,,False,,,,,,,,,,,,,,,
espn,nfl,NFL,2025-11-03T12:29:39.690588+00:00,,,,False,,,,,,,,,,,,,,,
espn,nfl,NFL,2025-11-03T12:29:39.690877+00:00,,,,False,,,,,,,,,,,,,,,
espn,nfl,NFL,2025-11-03T12:29:39.691117+00:00,,,,False,,,,,,,,,,,,,,,
espn,nfl,NFL,2025-11-03T12:29:39.691332+00:00,,,,False,,,,,,,,,,,,,,,
espn,nfl,NFL,2025-11-03T12:29:39.691532+00:00,,,,False,,,,,,,,,,,,,,,
espn,nfl,NFL,2025-11-03T12:29:39.691837+00:00,,,,False,,,,,,,,,,,,,,,
espn,nfl,NFL,2025-11-03T12:29:39.692170+00:00,,,,False,,,,,,,,,,,,,,,
espn,nfl,NFL,2025-11-03T12:29:39.692392+00:00,,,,False,,,,,,,,,,,,,,,
espn,nfl,NFL,2025-11-03T12:29:39.692627+00:00,,,,False,,,,,,,,,,,,,,,
espn,nfl,NFL,2025-11-03T12:29:39.692849+00:00,,,,False,,,,,,,,,,,,,,,
espn,nfl,NFL,2025-11-03T12:29:39.693046+00:00,,,,False,,,,,,,,,,,,,,,
espn,nfl,NFL,2025-11-03T12:29:39.693268+00:00,,,,False,,,,,,,,,,,,,,,
espn,nfl,NFL,2025-11-03T12:29:39.693586+00:00,,,,False,,,,,,,,,,,,,,,
espn,nfl,NFL,2025-11-03T12:29:39.693805+00:00,,,,False,,,,,,,,,,,,,,,
espn,nfl,NFL,2025-11-03T12:29:39.694022+00:00,,,,False,,,,,,,,,,,,,,,
espn,nfl,NFL,2025-11-03T12:29:39.694472+00:00,,,,False,,,,,,,,,,,,,,,
espn,nfl,NFL,2025-11-03T12:29:39.695369+00:00,,,,False,,,,,,,,,,,,,,,
espn,nfl,NFL,2025-11-03T12:29:39.696111+00:00,,,,False,,,,,,,,,,,,,,,
espn,nfl,NFL,2025-11-03T12:29:39.696514+00:00,,,,False,,,,,,,,,,,,,,,
espn,nfl,NFL,2025-11-03T12:29:39.697234+00:00,,,,False,,,,,,,,,,,,,,,
espn,nfl,NFL,2025-11-03T12:29:39.697679+00:00,,,,False,,,,,,,,,,,,,,,
espn,nfl,NFL,2025-11-03T12:29:39.698033+00:00,,,,False,,,,,,,,,,,,,,,
espn,nfl,NFL,2025-11-03T12:29:39.698657+00:00,,,,False,,,,,,,,,,,,,,,
espn,nfl,NFL,2025-11-03T12:29:39.699795+00:00,,,,False,,,,,,,,,,,,,,,
espn,nfl,NFL,2025-11-03T12:29:39.700038+00:00,,,,False,,,,,,,,,,,,,,,
espn,nfl,NFL,2025-11-03T12:29:39.703231+00:00,,,,False,,,,,,,,,,,,,,,
espn,nfl,NFL,2025-11-03T12:29:39.704071+00:00,,,,False,,,,,,,,,,,,,,,
espn,nfl,NFL,2025-11-03T12:29:39.704341+00:00,,,,False,,,,,,,,,,,,,,,
espn,nfl,NFL,2025-11-03T12:29:39.704621+00:00,,,,False,,,,,,,,,,,,,,,
espn,nfl,NFL,2025-11-03T12:29:39.704949+00:00,,,,False,,,,,,,,,,,,,,,
espn,nfl,NFL,2025-11-03T12:29:39.705156+00:00,,,,False,,,,,,,,,,,,,,,
espn,nfl,NFL,2025-11-03T12:29:39.705351+00:00,,,,False,,,,,,,,,,,,,,,
espn,nfl,NFL,2025-11-03T12:29:39.705586+00:00,,,,False,,,,,,,,,,,,,,,
espn,nfl,NFL,2025-11-03T12:29:39.705791+00:00,,,,False,,,,,,,,,,,,,,,
espn,nfl,NFL,2025-11-03T12:29:39.705980+00:00,,,,False,,,,,,,,,,,,,,,
espn,nfl,NFL,2025-11-03T12:29:39.706322+00:00,,,,False,,,,,,,,,,,,,,,
espn,nfl,NFL,2025-11-03T12:29:39.706544+00:00,,,,False,,,,,,,,,,,,,,,
espn,nfl,NFL,2025-11-03T12:29:39.706787+00:00,,,,False,,,,,,,,,,,,,,,
espn,nfl,NFL,2025-11-03T12:29:39.706990+00:00,,,,False,,,,,,,,,,,,,,,
espn,nfl,NFL,2025-11-03T12:29:39.707180+00:00,,,,False,,,,,,,,,,,,,,,
espn,nfl,NFL,2025-11-03T12:29:39.707367+00:00,,,,False,,,,,,,,,,,,,,,
espn,nfl,NFL,2025-11-03T12:29:39.707727+00:00,,,,False,,,,,,,,,,,,,,,
espn,nfl,NFL,2025-11-03T12:29:39.708016+00:00,,,,False,,,,,,,,,,,,,,,
espn,nfl,NFL,2025-11-03T12:29:39.708226+00:00,,,,False,,,,,,,,,,,,,,,
espn,nfl,NFL,2025-11-03T12:29:39.708634+00:00,,,,False,,,,,,,,,,,,,,,
espn,nfl,NFL,2025-11-03T12:29:39.708865+00:00,,,,False,,,,,,,,,,,,,,,
espn,nfl,NFL,2025-11-03T12:29:39.709067+00:00,,,,False,,,,,,,,,,,,,,,
espn,nfl,NFL,2025-11-03T12:29:39.709258+00:00,,,,False,,,,,,,,,,,,,,,
espn,nfl,NFL,2025-11-03T12:29:39.709447+00:00,,,,False,,,,,,,,,,,,,,,
espn,nfl,NFL,2025-11-03T12:29:39.709639+00:00,,,,False,,,,,,,,,,,,,,,
espn,nfl,NFL,2025-11-03T12:29:39.709823+00:00,,,,False,,,,,,,,,,,,,,,
espn,nfl,NFL,2025-11-03T12:29:39.710002+00:00,,,,False,,,,,,,,,,,,,,,
espn,nfl,NFL,2025-11-03T12:29:39.710185+00:00,,,,False,,,,,,,,,,,,,,,
espn,nfl,NFL,2025-11-03T12:29:39.710368+00:00,,,,False,,,,,,,,,,,,,,,
espn,nfl,NFL,2025-11-03T12:29:39.710634+00:00,,,,False,,,,,,,,,,,,,,,
espn,nfl,NFL,2025-11-03T12:29:39.710857+00:00,,,,False,,,,,,,,,,,,,,,
espn,nfl,NFL,2025-11-03T12:29:39.711053+00:00,,,,False,,,,,,,,,,,,,,,
espn,nfl,NFL,2025-11-03T12:29:39.711243+00:00,,,,False,,,,,,,,,,,,,,,
espn,nfl,NFL,2025-11-03T12:29:39.711429+00:00,,,,False,,,,,,,,,,,,,,,
espn,nfl,NFL,2025-11-03T12:29:39.711615+00:00,,,,False,,,,,,,,,,,,,,,
espn,nfl,NFL,2025-11-03T12:29:39.711838+00:00,,,,False,,,,,,,,,,,,,,,
espn,nfl,NFL,2025-11-03T12:29:39.712038+00:00,,,,False,,,,,,,,,,,,,,,
espn,nfl,NFL,2025-11-03T12:29:39.712317+00:00,,,,False,,,,,,,,,,,,,,,
espn,nfl,NFL,2025-11-03T12:29:39.712773+00:00,,,,False,,,,,,,,,,,,,,,
espn,nfl,NFL,2025-11-03T12:29:39.713495+00:00,,,,False,,,,,,,,,,,,,,,
espn,nfl,NFL,2025-11-03T12:29:39.713719+00:00,,,,False,,,,,,,,,,,,,,,
espn,nfl,NFL,2025-11-03T12:29:39.713959+00:00,,,,False,,,,,,,,,,,,,,,
espn,nfl,NFL,2025-11-03T12:29:39.714195+00:00,,,,False,,,,,,,,,,,,,,,
espn,nfl,NFL,2025-11-03T12:29:39.714502+00:00,,,,False,,,,,,,,,,,,,,,
espn,nfl,NFL,2025-11-03T12:29:39.714752+00:00,,,,False,,,,,,,,,,,,,,,
espn,nfl,NFL,2025-11-03T12:29:39.714967+00:00,,,,False,,,,,,,,,,,,,,,
espn,nfl,NFL,2025-11-03T12:29:39.715161+00:00,,,,False,,,,,,,,,,,,,,,
espn,nfl,NFL,2025-11-03T12:29:39.715497+00:00,,,,False,,,,,,,,,,,,,,,
espn,nfl,NFL,2025-11-03T12:29:39.715724+00:00,,,,False,,,,,,,,,,,,,,,
espn,nfl,NFL,2025-11-03T12:29:39.715920+00:00,,,,False,,,,,,,,,,,,,,,
espn,nfl,NFL,2025-11-03T12:29:39.716147+00:00,,,,False,,,,,,,,,,,,,,,
espn,nfl,NFL,2025-11-03T12:29:39.716399+00:00,,,,False,,,,,,,,,,,,,,,
espn,nfl,NFL,2025-11-03T12:29:39.716598+00:00,,,,False,,,,,,,,,,,,,,,
espn,nfl,NFL,2025-11-03T12:29:39.716838+00:00,,,,False,,,,,,,,,,,,,,,
espn,nfl,NFL,2025-11-03T12:29:39.717035+00:00,,,,False,,,,,,,,,,,,,,,
espn,nfl,NFL,2025-11-03T12:29:39.717237+00:00,,,,False,,,,,,,,,,,,,,,
espn,nfl,NFL,2025-11-03T12:29:39.717545+00:00,,,,False,,,,,,,,,,,,,,,
espn,nfl,NFL,2025-11-03T12:29:39.717757+00:00,,,,False,,,,,,,,,,,,,,,
espn,nfl,NFL,2025-11-03T12:29:39.717952+00:00,,,,False,,,,,,,,,,,,,,,
espn,nfl,NFL,2025-11-03T12:29:39.718182+00:00,,,,False,,,,,,,,,,,,,,,
espn,nfl,NFL,2025-11-03T12:29:39.718394+00:00,,,,False,,,,,,,,,,,,,,,
espn,nfl,NFL,2025-11-03T12:29:39.718603+00:00,,,,False,,,,,,,,,,,,,,,
espn,nfl,NFL,2025-11-03T12:29:39.719017+00:00,,,,False,,,,,,,,,,,,,,,
espn,nfl,NFL,2025-11-03T12:29:39.719769+00:00,,,,False,,,,,,,,,,,,,,,
espn,nfl,NFL,2025-11-03T12:29:39.720032+00:00,,,,False,,,,,,,,,,,,,,,
espn,nfl,NFL,2025-11-03T12:29:39.720278+00:00,,,,False,,,,,,,,,,,,,,,
espn,nfl,NFL,2025-11-03T12:29:39.720580+00:00,,,,False,,,,,,,,,,,,,,,
espn,nfl,NFL,2025-11-03T12:29:39.720828+00:00,,,,False,,,,,,,,,,,,,,,
espn,nfl,NFL,2025-11-03T12:29:39.721031+00:00,,,,False,,,,,,,,,,,,,,,
espn,nfl,NFL,2025-11-03T12:29:39.721230+00:00,,,,False,,,,,,,,,,,,,,,
espn,nfl,NFL,2025-11-03T12:29:39.721479+00:00,,,,False,,,,,,,,,,,,,,,
espn,nfl,NFL,2025-11-03T12:29:39.721685+00:00,,,,False,,,,,,,,,,,,,,,
espn,nfl,NFL,2025-11-03T12:29:39.721878+00:00,,,,False,,,,,,,,,,,,,,,
espn,nfl,NFL,2025-11-03T12:29:39.722064+00:00,,,,False,,,,,,,,,,,,,,,
espn,nfl,NFL,2025-11-03T12:29:39.722333+00:00,,,,False,,,,,,,,,,,,,,,
espn,nfl,NFL,2025-11-03T12:29:39.722719+00:00,,,,False,,,,,,,,,,,,,,,
espn,nfl,NFL,2025-11-03T12:29:39.723540+00:00,,,,False,,,,,,,,,,,,,,,
espn,nfl,NFL,2025-11-03T12:29:39.723834+00:00,,,,False,,,,,,,,,,,,,,,
espn,nfl,NFL,2025-11-03T12:29:39.724091+00:00,,,,False,,,,,,,,,,,,,,,
espn,nfl,NFL,2025-11-03T12:29:39.724344+00:00,,,,False,,,,,,,,,,,,,,,
espn,nfl,NFL,2025-11-03T12:29:39.724579+00:00,,,,False,,,,,,,,,,,,,,,
espn,nfl,NFL,2025-11-03T12:29:39.724966+00:00,,,,False,,,,,,,,,,,,,,,
espn,nfl,NFL,2025-11-03T12:29:39.725769+00:00,,,,False,,,,,,,,,,,,,,,
espn,nfl,NFL,2025-11-03T12:29:39.726178+00:00,,,,False,,,,,,,,,,,,,,,
espn,nfl,NFL,2025-11-03T12:29:39.726902+00:00,,,,False,,,,,,,,,,,,,,,
espn,nfl,NFL,2025-11-03T12:29:39.727239+00:00,,,,False,,,,,,,,,,,,,,,
espn,nfl,NFL,2025-11-03T12:29:39.727497+00:00,,,,False,,,,,,,,,,,,,,,
espn,nfl,NFL,2025-11-03T12:29:39.727812+00:00,,,,False,,,,,,,,,,,,,,,
espn,nfl,NFL,2025-11-03T12:29:39.728034+00:00,,,,False,,,,,,,,,,,,,,,
espn,nfl,NFL,2025-11-03T12:29:39.728234+00:00,,,,False,,,,,,,,,,,,,,,
espn,nfl,NFL,2025-11-03T12:29:39.728429+00:00,,,,False,,,,,,,,,,,,,,,
espn,nfl,NFL,2025-11-03T12:29:39.728615+00:00,,,,False,,,,,,,,,,,,,,,
espn,nfl,NFL,2025-11-03T12:29:39.728853+00:00,,,,False,,,,,,,,,,,,,,,
espn,nfl,NFL,2025-11-03T12:29:39.729058+00:00,,,,False,,,,,,,,,,,,,,,
espn,nfl,NFL,2025-11-03T12:29:39.729394+00:00,,,,False,,,,,,,,,,,,,,,
espn,nfl,NFL,2025-11-03T12:29:39.729609+00:00,,,,False,,,,,,,,,,,,,,,
espn,nfl,NFL,2025-11-03T12:29:39.729854+00:00,,,,False,,,,,,,,,,,,,,,
espn,nfl,NFL,2025-11-03T12:29:39.730063+00:00,,,,False,,,,,,,,,,,,,,,
espn,nfl,NFL,2025-11-03T12:29:39.730257+00:00,,,,False,,,,,,,,,,,,,,,
espn,nfl,NFL,2025-11-03T12:29:39.730451+00:00,,,,False,,,,,,,,,,,,,,,
espn,nfl,NFL,2025-11-03T12:29:39.730639+00:00,,,,False,,,,,,,,,,,,,,,
espn,nfl,NFL,2025-11-03T12:29:39.730887+00:00,,,,False,,,,,,,,,,,,,,,
espn,nfl,NFL,2025-11-03T12:29:39.731092+00:00,,,,False,,,,,,,,,,,,,,,
espn,nfl,NFL,2025-11-03T12:29:39.731407+00:00,,,,False,,,,,,,,,,,,,,,
espn,nfl,NFL,2025-11-03T12:29:39.731789+00:00,,,,False,,,,,,,,,,,,,,,
espn,nfl,NFL,2025-11-03T12:29:39.732027+00:00,,,,False,,,,,,,,,,,,,,,
espn,nfl,NFL,2025-11-03T12:29:39.732410+00:00,,,,False,,,,,,,,,,,,,,,
espn,nfl,NFL,2025-11-03T12:29:39.733187+00:00,,,,False,,,,,,,,,,,,,,,
espn,nfl,NFL,2025-11-03T12:29:39.733411+00:00,,,,False,,,,,,,,,,,,,,,
espn,nfl,NFL,2025-11-03T12:29:39.733646+00:00,,,,False,,,,,,,,,,,,,,,
espn,nfl,NFL,2025-11-03T12:29:39.733882+00:00,,,,False,,,,,,,,,,,,,,,
espn,nfl,NFL,2025-11-03T12:29:39.734072+00:00,,,,False,,,,,,,,,,,,,,,
espn,nfl,NFL,2025-11-03T12:29:39.734341+00:00,,,,False,,,,,,,,,,,,,,,
espn,nfl,NFL,2025-11-03T12:29:39.734541+00:00,,,,False,,,,,,,,,,,,,,,
espn,nfl,NFL,2025-11-03T12:29:39.734819+00:00,,,,False,,,,,,,,,,,,,,,
espn,nfl,NFL,2025-11-03T12:29:39.735033+00:00,,,,False,,,,,,,,,,,,,,,
espn,nfl,NFL,2025-11-03T12:29:39.735229+00:00,,,,False,,,,,,,,,,,,,,,
espn,nfl,NFL,2025-11-03T12:29:39.735421+00:00,,,,False,,,,,,,,,,,,,,,
espn,nfl,NFL,2025-11-03T12:29:39.735607+00:00,,,,False,,,,,,,,,,,,,,,
espn,nfl,NFL,2025-11-03T12:29:39.735880+00:00,,,,False,,,,,,,,,,,,,,,
espn,nfl,NFL,2025-11-03T12:29:39.736084+00:00,,,,False,,,,,,,,,,,,,,,
espn,nfl,NFL,2025-11-03T12:29:39.736274+00:00,,,,False,,,,,,,,,,,,,,,
espn,nfl,NFL,2025-11-03T12:29:39.736457+00:00,,,,False,,,,,,,,,,,,,,,
espn,nfl,NFL,2025-11-03T12:29:39.736733+00:00,,,,False,,,,,,,,,,,,,,,
espn,nfl,NFL,2025-11-03T12:29:39.736954+00:00,,,,False,,,,,,,,,,,,,,,
espn,nfl,NFL,2025-11-03T12:29:39.737151+00:00,,,,False,,,,,,,,,,,,,,,
espn,nfl,NFL,2025-11-03T12:29:39.737344+00:00,,,,False,,,,,,,,,,,,,,,
espn,nfl,NFL,2025-11-03T12:29:39.737529+00:00,,,,False,,,,,,,,,,,,,,,
espn,nfl,NFL,2025-11-03T12:29:39.737755+00:00,,,,False,,,,,,,,,,,,,,,
espn,nfl,NFL,2025-11-03T12:29:39.737959+00:00,,,,False,,,,,,,,,,,,,,,
espn,nfl,NFL,2025-11-03T12:29:39.738286+00:00,,,,False,,,,,,,,,,,,,,,
espn,nfl,NFL,2025-11-03T12:29:39.738501+00:00,,,,False,,,,,,,,,,,,,,,
espn,nfl,NFL,2025-11-03T12:29:39.738693+00:00,,,,False,,,,,,,,,,,,,,,
espn,nfl,NFL,2025-11-03T12:29:39.739017+00:00,,,,False,,,,,,,,,,,,,,,
espn,nfl,NFL,2025-11-03T12:29:39.739227+00:00,,,,False,,,,,,,,,,,,,,,
espn,nfl,NFL,2025-11-03T12:29:39.739441+00:00,,,,False,,,,,,,,,,,,,,,
espn,nfl,NFL,2025-11-03T12:29:39.739775+00:00,,,,False,,,,,,,,,,,,,,,
espn,nfl,NFL,2025-11-03T12:29:39.740004+00:00,,,,False,,,,,,,,,,,,,,,
espn,nfl,NFL,2025-11-03T12:29:39.740201+00:00,,,,False,,,,,,,,,,,,,,,
espn,nfl,NFL,2025-11-03T12:29:39.740388+00:00,,,,False,,,,,,,,,,,,,,,
espn,nfl,NFL,2025-11-03T12:29:39.740573+00:00,,,,False,,,,,,,,,,,,,,,
espn,nfl,NFL,2025-11-03T12:29:39.740811+00:00,,,,False,,,,,,,,,,,,,,,
espn,nfl,NFL,2025-11-03T12:29:39.741139+00:00,,,,False,,,,,,,,,,,,,,,
espn,nfl,NFL,2025-11-03T12:29:39.741381+00:00,,,,False,,,,,,,,,,,,,,,
espn,nfl,NFL,2025-11-03T12:29:39.741915+00:00,,,,False,,,,,,,,,,,,,,,
espn,nfl,NFL,2025-11-03T12:29:39.742978+00:00,,,,False,,,,,,,,,,,,,,,
espn,nfl,NFL,2025-11-03T12:29:39.743893+00:00,,,,False,,,,,,,,,,,,,,,
espn,nfl,NFL,2025-11-03T12:29:39.744335+00:00,,,,False,,,,,,,,,,,,,,,
espn,nfl,NFL,2025-11-03T12:29:39.745123+00:00,,,,False,,,,,,,,,,,,,,,
espn,nfl,NFL,2025-11-03T12:29:39.745410+00:00,,,,False,,,,,,,,,,,,,,,
espn,nfl,NFL,2025-11-03T12:29:39.745645+00:00,,,,False,,,,,,,,,,,,,,,
espn,nfl,NFL,2025-11-03T12:29:39.745918+00:00,,,,False,,,,,,,,,,,,,,,
espn,nfl,NFL,2025-11-03T12:29:39.746131+00:00,,,,False,,,,,,,,,,,,,,,
espn,nfl,NFL,2025-11-03T12:29:39.746327+00:00,,,,False,,,,,,,,,,,,,,,
espn,nfl,NFL,2025-11-03T12:29:39.746521+00:00,,,,False,,,,,,,,,,,,,,,
espn,nfl,NFL,2025-11-03T12:29:39.746779+00:00,,,,False,,,,,,,,,,,,,,,
espn,nfl,NFL,2025-11-03T12:29:39.747070+00:00,,,,False,,,,,,,,,,,,,,,
espn,nfl,NFL,2025-11-03T12:29:39.747315+00:00,,,,False,,,,,,,,,,,,,,,
espn,nfl,NFL,2025-11-03T12:29:39.747520+00:00,,,,False,,,,,,,,,,,,,,,
espn,nfl,NFL,2025-11-03T12:29:39.747772+00:00,,,,False,,,,,,,,,,,,,,,
espn,nfl,NFL,2025-11-03T12:29:39.748049+00:00,,,,False,,,,,,,,,,,,,,,
espn,nfl,NFL,2025-11-03T12:29:39.748260+00:00,,,,False,,,,,,,,,,,,,,,
espn,nfl,NFL,2025-11-03T12:29:39.748454+00:00,,,,False,,,,,,,,,,,,,,,
espn,nfl,NFL,2025-11-03T12:29:39.748637+00:00,,,,False,,,,,,,,,,,,,,,
espn,nfl,NFL,2025-11-03T12:29:39.748862+00:00,,,,False,,,,,,,,,,,,,,,
espn,nfl,NFL,2025-11-03T12:29:39.749071+00:00,,,,False,,,,,,,,,,,,,,,
espn,nfl,NFL,2025-11-03T12:29:39.749267+00:00,,,,False,,,,,,,,,,,,,,,
espn,nfl,NFL,2025-11-03T12:29:39.749472+00:00,,,,False,,,,,,,,,,,,,,,
espn,nfl,NFL,2025-11-03T12:29:39.749882+00:00,,,,False,,,,,,,,,,,,,,,
espn,nfl,NFL,2025-11-03T12:29:39.750542+00:00,,,,False,,,,,,,,,,,,,,,
espn,nfl,NFL,2025-11-03T12:29:39.750847+00:00,,,,False,,,,,,,,,,,,,,,
espn,nfl,NFL,2025-11-03T12:29:39.751104+00:00,,,,False,,,,,,,,,,,,,,,
espn,nfl,NFL,2025-11-03T12:29:39.751343+00:00,,,,False,,,,,,,,,,,,,,,
espn,nfl,NFL,2025-11-03T12:29:39.751538+00:00,,,,False,,,,,,,,,,,,,,,
espn,nfl,NFL,2025-11-03T12:29:39.751797+00:00,,,,False,,,,,,,,,,,,,,,
espn,nfl,NFL,2025-11-03T12:29:39.752009+00:00,,,,False,,,,,,,,,,,,,,,
espn,nfl,NFL,2025-11-03T12:29:39.752205+00:00,,,,False,,,,,,,,,,,,,,,
espn,nfl,NFL,2025-11-03T12:29:39.752395+00:00,,,,False,,,,,,,,,,,,,,,
espn,nfl,NFL,2025-11-03T12:29:39.752579+00:00,,,,False,,,,,,,,,,,,,,,
espn,nfl,NFL,2025-11-03T12:29:39.752856+00:00,,,,False,,,,,,,,,,,,,,,
espn,nfl,NFL,2025-11-03T12:29:39.753063+00:00,,,,False,,,,,,,,,,,,,,,
espn,nfl,NFL,2025-11-03T12:29:39.753397+00:00,,,,False,,,,,,,,,,,,,,,
espn,nfl,NFL,2025-11-03T12:29:39.753607+00:00,,,,False,,,,,,,,,,,,,,,
espn,nfl,NFL,2025-11-03T12:29:39.754254+00:00,,,,False,,,,,,,,,,,,,,,
espn,nfl,NFL,2025-11-03T12:29:39.754456+00:00,,,,False,,,,,,,,,,,,,,,
espn,nfl,NFL,2025-11-03T12:29:39.754645+00:00,,,,False,,,,,,,,,,,,,,,
espn,nfl,NFL,2025-11-03T12:29:39.754931+00:00,,,,False,,,,,,,,,,,,,,,
espn,nfl,NFL,2025-11-03T12:29:39.755134+00:00,,,,False,,,,,,,,,,,,,,,
espn,nfl,NFL,2025-11-03T12:29:39.755326+00:00,,,,False,,,,,,,,,,,,,,,
espn,nfl,NFL,2025-11-03T12:29:39.755583+00:00,,,,False,,,,,,,,,,,,,,,
espn,nfl,NFL,2025-11-03T12:29:39.755873+00:00,,,,False,,,,,,,,,,,,,,,
espn,nfl,NFL,2025-11-03T12:29:39.756083+00:00,,,,False,,,,,,,,,,,,,,,
espn,nfl,NFL,2025-11-03T12:29:39.756313+00:00,,,,False,,,,,,,,,,,,,,,
espn,nfl,NFL,2025-11-03T12:29:39.756521+00:00,,,,False,,,,,,,,,,,,,,,
espn,nfl,NFL,2025-11-03T12:29:39.756713+00:00,,,,False,,,,,,,,,,,,,,,
espn,nfl,NFL,2025-11-03T12:29:39.756948+00:00,,,,False,,,,,,,,,,,,,,,
espn,nfl,NFL,2025-11-03T12:29:39.757150+00:00,,,,False,,,,,,,,,,,,,,,
espn,nfl,NFL,2025-11-03T12:29:39.757421+00:00,,,,False,,,,,,,,,,,,,,,
espn,nfl,NFL,2025-11-03T12:29:39.757630+00:00,,,,False,,,,,,,,,,,,,,,
espn,nfl,NFL,2025-11-03T12:29:39.757924+00:00,,,,False,,,,,,,,,,,,,,,
espn,nfl,NFL,2025-11-03T12:29:39.758143+00:00,,,,False,,,,,,,,,,,,,,,
espn,nfl,NFL,2025-11-03T12:29:39.758356+00:00,,,,False,,,,,,,,,,,,,,,
espn,nfl,NFL,2025-11-03T12:29:39.758612+00:00,,,,False,,,,,,,,,,,,,,,
espn,nfl,NFL,2025-11-03T12:29:39.758844+00:00,,,,False,,,,,,,,,,,,,,,
espn,nfl,NFL,2025-11-03T12:29:39.759063+00:00,,,,False,,,,,,,,,,,,,,,
espn,nfl,NFL,2025-11-03T12:29:39.759261+00:00,,,,False,,,,,,,,,,,,,,,
espn,nfl,NFL,2025-11-03T12:29:39.759449+00:00,,,,False,,,,,,,,,,,,,,,
espn,nfl,NFL,2025-11-03T12:29:39.759632+00:00,,,,False,,,,,,,,,,,,,,,
espn,nfl,NFL,2025-11-03T12:29:39.759945+00:00,,,,False,,,,,,,,,,,,,,,
espn,nfl,NFL,2025-11-03T12:29:39.760151+00:00,,,,False,,,,,,,,,,,,,,,
espn,nfl,NFL,2025-11-03T12:29:39.760375+00:00,,,,False,,,,,,,,,,,,,,,
espn,nfl,NFL,2025-11-03T12:29:39.760565+00:00,,,,False,,,,,,,,,,,,,,,
espn,nfl,NFL,2025-11-03T12:29:39.760752+00:00,,,,False,,,,,,,,,,,,,,,
espn,nfl,NFL,2025-11-03T12:29:39.761004+00:00,,,,False,,,,,,,,,,,,,,,
espn,nfl,NFL,2025-11-03T12:29:39.761201+00:00,,,,False,,,,,,,,,,,,,,,
espn,nfl,NFL,2025-11-03T12:29:39.761465+00:00,,,,False,,,,,,,,,,,,,,,
espn,nfl,NFL,2025-11-03T12:29:39.761673+00:00,,,,False,,,,,,,,,,,,,,,
espn,nfl,NFL,2025-11-03T12:29:39.761927+00:00,,,,False,,,,,,,,,,,,,,,
espn,nfl,NFL,2025-11-03T12:29:39.762131+00:00,,,,False,,,,,,,,,,,,,,,
espn,nfl,NFL,2025-11-03T12:29:39.762318+00:00,,,,False,,,,,,,,,,,,,,,
espn,nfl,NFL,2025-11-03T12:29:39.762674+00:00,,,,False,,,,,,,,,,,,,,,
espn,nfl,NFL,2025-11-03T12:29:39.762951+00:00,,,,False,,,,,,,,,,,,,,,
espn,nfl,NFL,2025-11-03T12:29:39.763198+00:00,,,,False,,,,,,,,,,,,,,,
espn,nfl,NFL,2025-11-03T12:29:39.763434+00:00,,,,False,,,,,,,,,,,,,,,
espn,nfl,NFL,2025-11-03T12:29:39.763660+00:00,,,,False,,,,,,,,,,,,,,,
espn,nfl,NFL,2025-11-03T12:29:39.764002+00:00,,,,False,,,,,,,,,,,,,,,
espn,nfl,NFL,2025-11-03T12:29:39.764451+00:00,,,,False,,,,,,,,,,,,,,,
espn,nfl,NFL,2025-11-03T12:29:39.764699+00:00,,,,False,,,,,,,,,,,,,,,
espn,nfl,NFL,2025-11-03T12:29:39.765020+00:00,,,,False,,,,,,,,,,,,,,,
espn,nfl,NFL,2025-11-03T12:29:39.765320+00:00,,,,False,,,,,,,,,,,,,,,
espn,nfl,NFL,2025-11-03T12:29:39.765583+00:00,,,,False,,,,,,,,,,,,,,,
espn,nfl,NFL,2025-11-03T12:29:39.765825+00:00,,,,False,,,,,,,,,,,,,,,
espn,nfl,NFL,2025-11-03T12:29:39.766060+00:00,,,,False,,,,,,,,,,,,,,,
espn,nfl,NFL,2025-11-03T12:29:39.766287+00:00,,,,False,,,,,,,,,,,,,,,
espn,nfl,NFL,2025-11-03T12:29:39.766507+00:00,,,,False,,,,,,,,,,,,,,,
espn,nfl,NFL,2025-11-03T12:29:39.766789+00:00,,,,False,,,,,,,,,,,,,,,
espn,nfl,NFL,2025-11-03T12:29:39.766992+00:00,,,,False,,,,,,,,,,,,,,,
espn,nfl,NFL,2025-11-03T12:29:39.767231+00:00,,,,False,,,,,,,,,,,,,,,
espn,nfl,NFL,2025-11-03T12:29:39.767433+00:00,,,,False,,,,,,,,,,,,,,,
espn,nfl,NFL,2025-11-03T12:29:39.767624+00:00,,,,False,,,,,,,,,,,,,,,
espn,nfl,NFL,2025-11-03T12:29:39.767889+00:00,,,,False,,,,,,,,,,,,,,,
espn,nfl,NFL,2025-11-03T12:29:39.768088+00:00,,,,False,,,,,,,,,,,,,,,
espn,nfl,NFL,2025-11-03T12:29:39.768277+00:00,,,,False,,,,,,,,,,,,,,,
espn,nfl,NFL,2025-11-03T12:29:39.768463+00:00,,,,False,,,,,,,,,,,,,,,
espn,nfl,NFL,2025-11-03T12:29:39.768700+00:00,,,,False,,,,,,,,,,,,,,,
espn,nfl,NFL,2025-11-03T12:29:39.768962+00:00,,,,False,,,,,,,,,,,,,,,
espn,nfl,NFL,2025-11-03T12:29:39.769168+00:00,,,,False,,,,,,,,,,,,,,,
espn,nfl,NFL,2025-11-03T12:29:39.769358+00:00,,,,False,,,,,,,,,,,,,,,
espn,nfl,NFL,2025-11-03T12:29:39.769543+00:00,,,,False,,,,,,,,,,,,,,,
espn,nfl,NFL,2025-11-03T12:29:39.769779+00:00,,,,False,,,,,,,,,,,,,,,
espn,nfl,NFL,2025-11-03T12:29:39.769977+00:00,,,,False,,,,,,,,,,,,,,,
espn,nfl,NFL,2025-11-03T12:29:39.770167+00:00,,,,False,,,,,,,,,,,,,,,
espn,nfl,NFL,2025-11-03T12:29:39.770351+00:00,,,,False,,,,,,,,,,,,,,,
espn,nfl,NFL,2025-11-03T12:29:39.770530+00:00,,,,False,,,,,,,,,,,,,,,
espn,nfl,NFL,2025-11-03T12:29:39.770766+00:00,,,,False,,,,,,,,,,,,,,,
espn,nfl,NFL,2025-11-03T12:29:39.771023+00:00,,,,False,,,,,,,,,,,,,,,
espn,nfl,NFL,2025-11-03T12:29:39.771224+00:00,,,,False,,,,,,,,,,,,,,,
espn,nfl,NFL,2025-11-03T12:29:39.771412+00:00,,,,False,,,,,,,,,,,,,,,
espn,nfl,NFL,2025-11-03T12:29:39.771596+00:00,,,,False,,,,,,,,,,,,,,,
espn,nfl,NFL,2025-11-03T12:29:39.771864+00:00,,,,False,,,,,,,,,,,,,,,
espn,nfl,NFL,2025-11-03T12:29:39.772069+00:00,,,,False,,,,,,,,,,,,,,,
espn,nfl,NFL,2025-11-03T12:29:39.772257+00:00,,,,False,,,,,,,,,,,,,,,
espn,nfl,NFL,2025-11-03T12:29:39.772444+00:00,,,,False,,,,,,,,,,,,,,,
espn,nfl,NFL,2025-11-03T12:29:39.772701+00:00,,,,False,,,,,,,,,,,,,,,
espn,nfl,NFL,2025-11-03T12:29:39.772907+00:00,,,,False,,,,,,,,,,,,,,,
espn,nfl,NFL,2025-11-03T12:29:39.773095+00:00,,,,False,,,,,,,,,,,,,,,
espn,nfl,NFL,2025-11-03T12:29:39.773276+00:00,,,,False,,,,,,,,,,,,,,,
espn,nfl,NFL,2025-11-03T12:29:39.773454+00:00,,,,False,,,,,,,,,,,,,,,
espn,nfl,NFL,2025-11-03T12:29:39.773627+00:00,,,,False,,,,,,,,,,,,,,,
espn,nfl,NFL,2025-11-03T12:29:39.773801+00:00,,,,False,,,,,,,,,,,,,,,
espn,nfl,NFL,2025-11-03T12:29:39.774025+00:00,,,,False,,,,,,,,,,,,,,,
espn,nfl,NFL,2025-11-03T12:29:39.774224+00:00,,,,False,,,,,,,,,,,,,,,
espn,nfl,NFL,2025-11-03T12:29:39.774407+00:00,,,,False,,,,,,,,,,,,,,,
espn,nfl,NFL,2025-11-03T12:29:39.774677+00:00,,,,False,,,,,,,,,,,,,,,
espn,nfl,NFL,2025-11-03T12:29:39.774884+00:00,,,,False,,,,,,,,,,,,,,,
espn,nfl,NFL,2025-11-03T12:29:39.775074+00:00,,,,False,,,,,,,,,,,,,,,
espn,nfl,NFL,2025-11-03T12:29:39.775260+00:00,,,,False,,,,,,,,,,,,,,,
espn,nfl,NFL,2025-11-03T12:29:39.775440+00:00,,,,False,,,,,,,,,,,,,,,
espn,nfl,NFL,2025-11-03T12:29:39.775629+00:00,,,,False,,,,,,,,,,,,,,,
espn,nfl,NFL,2025-11-03T12:29:39.775900+00:00,,,,False,,,,,,,,,,,,,,,
espn,nfl,NFL,2025-11-03T12:29:39.776102+00:00,,,,False,,,,,,,,,,,,,,,
espn,nfl,NFL,2025-11-03T12:29:39.776361+00:00,,,,False,,,,,,,,,,,,,,,
espn,nfl,NFL,2025-11-03T12:29:39.776569+00:00,,,,False,,,,,,,,,,,,,,,
espn,nfl,NFL,2025-11-03T12:29:39.776812+00:00,,,,False,,,,,,,,,,,,,,,
espn,nfl,NFL,2025-11-03T12:29:39.777012+00:00,,,,False,,,,,,,,,,,,,,,
espn,nfl,NFL,2025-11-03T12:29:39.777223+00:00,,,,False,,,,,,,,,,,,,,,
espn,nfl,NFL,2025-11-03T12:29:39.777675+00:00,,,,False,,,,,,,,,,,,,,,
espn,nfl,NFL,2025-11-03T12:29:39.778697+00:00,,,,False,,,,,,,,,,,,,,,
espn,nfl,NFL,2025-11-03T12:29:39.779739+00:00,,,,False,,,,,,,,,,,,,,,
espn,nfl,NFL,2025-11-03T12:29:39.780169+00:00,,,,False,,,,,,,,,,,,,,,
espn,nfl,NFL,2025-11-03T12:29:39.780615+00:00,,,,False,,,,,,,,,,,,,,,
espn,nfl,NFL,2025-11-03T12:29:39.781360+00:00,,,,False,,,,,,,,,,,,,,,
espn,nfl,NFL,2025-11-03T12:29:39.782084+00:00,,,,False,,,,,,,,,,,,,,,
espn,nfl,NFL,2025-11-03T12:29:39.782344+00:00,,,,False,,,,,,,,,,,,,,,
espn,nfl,NFL,2025-11-03T12:29:39.782583+00:00,,,,False,,,,,,,,,,,,,,,
espn,nfl,NFL,2025-11-03T12:29:39.782781+00:00,,,,False,,,,,,,,,,,,,,,
espn,nfl,NFL,2025-11-03T12:29:39.782975+00:00,,,,False,,,,,,,,,,,,,,,
espn,nfl,NFL,2025-11-03T12:29:39.783167+00:00,,,,False,,,,,,,,,,,,,,,
espn,nfl,NFL,2025-11-03T12:29:39.783351+00:00,,,,False,,,,,,,,,,,,,,,
espn,nfl,NFL,2025-11-03T12:29:39.783533+00:00,,,,False,,,,,,,,,,,,,,,
espn,nfl,NFL,2025-11-03T12:29:39.783824+00:00,,,,False,,,,,,,,,,,,,,,
espn,nfl,NFL,2025-11-03T12:29:39.784037+00:00,,,,False,,,,,,,,,,,,,,,
espn,nfl,NFL,2025-11-03T12:29:39.784233+00:00,,,,False,,,,,,,,,,,,,,,
espn,nfl,NFL,2025-11-03T12:29:39.784419+00:00,,,,False,,,,,,,,,,,,,,,
espn,nfl,NFL,2025-11-03T12:29:39.784604+00:00,,,,False,,,,,,,,,,,,,,,
espn,nfl,NFL,2025-11-03T12:29:39.784789+00:00,,,,False,,,,,,,,,,,,,,,
espn,nfl,NFL,2025-11-03T12:29:39.784972+00:00,,,,False,,,,,,,,,,,,,,,
espn,nfl,NFL,2025-11-03T12:29:39.785154+00:00,,,,False,,,,,,,,,,,,,,,
espn,nfl,NFL,2025-11-03T12:29:39.785335+00:00,,,,False,,,,,,,,,,,,,,,
espn,nfl,NFL,2025-11-03T12:29:39.785588+00:00,,,,False,,,,,,,,,,,,,,,
espn,nfl,NFL,2025-11-03T12:29:39.785837+00:00,,,,False,,,,,,,,,,,,,,,
espn,nfl,NFL,2025-11-03T12:29:39.786077+00:00,,,,False,,,,,,,,,,,,,,,
espn,nfl,NFL,2025-11-03T12:29:39.786279+00:00,,,,False,,,,,,,,,,,,,,,
espn,nfl,NFL,2025-11-03T12:29:39.786470+00:00,,,,False,,,,,,,,,,,,,,,
espn,nfl,NFL,2025-11-03T12:29:39.786657+00:00,,,,False,,,,,,,,,,,,,,,
espn,nfl,NFL,2025-11-03T12:29:39.786842+00:00,,,,False,,,,,,,,,,,,,,,
espn,nfl,NFL,2025-11-03T12:29:39.787025+00:00,,,,False,,,,,,,,,,,,,,,
espn,nfl,NFL,2025-11-03T12:29:39.787208+00:00,,,,False,,,,,,,,,,,,,,,
espn,nfl,NFL,2025-11-03T12:29:39.787454+00:00,,,,False,,,,,,,,,,,,,,,
espn,nfl,NFL,2025-11-03T12:29:39.787657+00:00,,,,False,,,,,,,,,,,,,,,
espn,nfl,NFL,2025-11-03T12:29:39.787917+00:00,,,,False,,,,,,,,,,,,,,,
espn,nfl,NFL,2025-11-03T12:29:39.788108+00:00,,,,False,,,,,,,,,,,,,,,
espn,nfl,NFL,2025-11-03T12:29:39.788290+00:00,,,,False,,,,,,,,,,,,,,,
espn,nfl,NFL,2025-11-03T12:29:39.788473+00:00,,,,False,,,,,,,,,,,,,,,
espn,nfl,NFL,2025-11-03T12:29:39.788656+00:00,,,,False,,,,,,,,,,,,,,,
espn,nfl,NFL,2025-11-03T12:29:39.788842+00:00,,,,False,,,,,,,,,,,,,,,
espn,nfl,NFL,2025-11-03T12:29:39.789024+00:00,,,,False,,,,,,,,,,,,,,,
espn,nfl,NFL,2025-11-03T12:29:39.789274+00:00,,,,False,,,,,,,,,,,,,,,
espn,nfl,NFL,2025-11-03T12:29:39.789484+00:00,,,,False,,,,,,,,,,,,,,,
espn,nfl,NFL,2025-11-03T12:29:39.789676+00:00,,,,False,,,,,,,,,,,,,,,
espn,nfl,NFL,2025-11-03T12:29:39.789916+00:00,,,,False,,,,,,,,,,,,,,,
espn,nfl,NFL,2025-11-03T12:29:39.790110+00:00,,,,False,,,,,,,,,,,,,,,
espn,nfl,NFL,2025-11-03T12:29:39.790295+00:00,,,,False,,,,,,,,,,,,,,,
espn,nfl,NFL,2025-11-03T12:29:39.790478+00:00,,,,False,,,,,,,,,,,,,,,
espn,nfl,NFL,2025-11-03T12:29:39.790718+00:00,,,,False,,,,,,,,,,,,,,,
espn,nfl,NFL,2025-11-03T12:29:39.790909+00:00,,,,False,,,,,,,,,,,,,,,
espn,nfl,NFL,2025-11-03T12:29:39.791159+00:00,,,,False,,,,,,,,,,,,,,,
espn,nfl,NFL,2025-11-03T12:29:39.791361+00:00,,,,False,,,,,,,,,,,,,,,
espn,nfl,NFL,2025-11-03T12:29:39.791550+00:00,,,,False,,,,,,,,,,,,,,,
espn,nfl,NFL,2025-11-03T12:29:39.791808+00:00,,,,False,,,,,,,,,,,,,,,
espn,nfl,NFL,2025-11-03T12:29:39.792014+00:00,,,,False,,,,,,,,,,,,,,,
espn,nfl,NFL,2025-11-03T12:29:39.792206+00:00,,,,False,,,,,,,,,,,,,,,
espn,nfl,NFL,2025-11-03T12:29:39.792391+00:00,,,,False,,,,,,,,,,,,,,,
espn,nfl,NFL,2025-11-03T12:29:39.792574+00:00,,,,False,,,,,,,,,,,,,,,
espn,nfl,NFL,2025-11-03T12:29:39.792755+00:00,,,,False,,,,,,,,,,,,,,,
espn,nfl,NFL,2025-11-03T12:29:39.792931+00:00,,,,False,,,,,,,,,,,,,,,
espn,nfl,NFL,2025-11-03T12:29:39.793180+00:00,,,,False,,,,,,,,,,,,,,,
espn,nfl,NFL,2025-11-03T12:29:39.793402+00:00,,,,False,,,,,,,,,,,,,,,
espn,nfl,NFL,2025-11-03T12:29:39.793646+00:00,,,,False,,,,,,,,,,,,,,,
espn,nfl,NFL,2025-11-03T12:29:39.793889+00:00,,,,False,,,,,,,,,,,,,,,
espn,nfl,NFL,2025-11-03T12:29:39.794088+00:00,,,,False,,,,,,,,,,,,,,,
espn,nfl,NFL,2025-11-03T12:29:39.794276+00:00,,,,False,,,,,,,,,,,,,,,
espn,nfl,NFL,2025-11-03T12:29:39.794531+00:00,,,,False,,,,,,,,,,,,,,,
espn,nfl,NFL,2025-11-03T12:29:39.794727+00:00,,,,False,,,,,,,,,,,,,,,
espn,nfl,NFL,2025-11-03T12:29:39.794985+00:00,,,,False,,,,,,,,,,,,,,,
espn,nfl,NFL,2025-11-03T12:29:39.795190+00:00,,,,False,,,,,,,,,,,,,,,
espn,nfl,NFL,2025-11-03T12:29:39.795380+00:00,,,,False,,,,,,,,,,,,,,,
espn,nfl,NFL,2025-11-03T12:29:39.795655+00:00,,,,False,,,,,,,,,,,,,,,
espn,nfl,NFL,2025-11-03T12:29:39.795923+00:00,,,,False,,,,,,,,,,,,,,,
espn,nfl,NFL,2025-11-03T12:29:39.796122+00:00,,,,False,,,,,,,,,,,,,,,
espn,nfl,NFL,2025-11-03T12:29:39.796307+00:00,,,,False,,,,,,,,,,,,,,,
espn,nfl,NFL,2025-11-03T12:29:39.796496+00:00,,,,False,,,,,,,,,,,,,,,
espn,nfl,NFL,2025-11-03T12:29:39.796681+00:00,,,,False,,,,,,,,,,,,,,,
espn,nfl,NFL,2025-11-03T12:29:39.796860+00:00,,,,False,,,,,,,,,,,,,,,
espn,nfl,NFL,2025-11-03T12:29:39.797110+00:00,,,,False,,,,,,,,,,,,,,,
espn,nfl,NFL,2025-11-03T12:29:39.797318+00:00,,,,False,,,,,,,,,,,,,,,
espn,nfl,NFL,2025-11-03T12:29:39.797552+00:00,,,,False,,,,,,,,,,,,,,,
espn,nfl,NFL,2025-11-03T12:29:39.797800+00:00,,,,False,,,,,,,,,,,,,,,
espn,nfl,NFL,2025-11-03T12:29:39.798010+00:00,,,,False,,,,,,,,,,,,,,,
espn,nfl,NFL,2025-11-03T12:29:39.798202+00:00,,,,False,,,,,,,,,,,,,,,
